ID,Time,Observation,ObsID,Censored,Events,Event ID,Administration ID,,,Experiment
1,0,0.001,1,-1,0.00E+00,0,0,,,PBS
1,3,0.001,1,-1,0.00E+00,0,0,,,PBS
1,5,0.001,1,-1,0.00E+00,0,0,,,PBS
1,7,0.001,1,-1,0.00E+00,0,0,,,PBS
1,10,0.001,1,-1,0.00E+00,0,0,,,PBS
1,12,0.001,1,-1,0.00E+00,0,0,,,PBS
1,14,0.001,1,-1,0.00E+00,0,0,,,PBS
1,17,0.001,1,-1,0.00E+00,0,0,,,PBS
1,19,0.01169,1,0,0.00E+00,0,0,,,PBS
1,21,0.01754,1,0,0.00E+00,0,0,,,PBS
1,24,0.0936,1,0,0.00E+00,0,0,,,PBS
1,26,0.3129,1,0,0.00E+00,0,0,,,PBS
1,28,0.6,1,0,0.00E+00,0,0,,,PBS
1,31,0.6,1,1,0.00E+00,0,0,,,PBS
,,,,,,,,,,
2,0,0.001,1,-1,0.00E+00,0,0,,,PBS
2,3,0.001,1,-1,0.00E+00,0,0,,,PBS
2,5,0.001,1,-1,0.00E+00,0,0,,,PBS
2,7,0.0117,1,0,0.00E+00,0,0,,,PBS
2,10,0.0146,1,0,0.00E+00,0,0,,,PBS
2,12,0.026,1,0,0.00E+00,0,0,,,PBS
2,14,0.03216,1,0,0.00E+00,0,0,,,PBS
2,17,0.0351,1,0,0.00E+00,0,0,,,PBS
2,19,0.0409,1,0,0.00E+00,0,0,,,PBS
2,21,0.0205,1,0,0.00E+00,0,0,,,PBS
2,24,0.17836,1,0,0.00E+00,0,0,,,PBS
2,26,0.4883,1,0,0.00E+00,0,0,,,PBS
2,28,0.4883,1,1,0.00E+00,0,0,,,
,,,,,,,,,,
3,0,0.001,1,-1,0.00E+00,0,0,,,PBS
3,3,0.001,1,-1,0.00E+00,0,0,,,PBS
3,5,0.001,1,-1,0.00E+00,0,0,,,PBS
3,7,0.01754,1,0,0.00E+00,0,0,,,PBS
3,10,0.0234,1,0,0.00E+00,0,0,,,PBS
3,12,0.03216,1,0,0.00E+00,0,0,,,PBS
3,14,0.0292,1,0,0.00E+00,0,0,,,PBS
3,17,0.07602,1,0,0.00E+00,0,0,,,PBS
3,19,0.11111,1,0,0.00E+00,0,0,,,PBS
3,21,0.1959,1,0,0.00E+00,0,0,,,PBS
3,24,0.32748,1,0,0.00E+00,0,0,,,PBS
3,26,0.6988,1,0,0.00E+00,0,0,,,PBS
3,28,0.6988,1,1,0.00E+00,0,0,,,
,,,,,,,,,,
4,0,0.001,1,-1,0.00E+00,0,0,,,PBS
4,3,0.001,1,-1,0.00E+00,0,0,,,PBS
4,5,0.001,1,-1,0.00E+00,0,0,,,PBS
4,7,0.0204,1,0,0.00E+00,0,0,,,PBS
4,10,0.0175,1,0,0.00E+00,0,0,,,PBS
4,12,0.0351,1,0,0.00E+00,0,0,,,PBS
4,14,0.0819,1,0,0.00E+00,0,0,,,PBS
4,17,0.2193,1,0,0.00E+00,0,0,,,PBS
4,19,0.523,1,0,0.00E+00,0,0,,,PBS
4,21,0.523,1,1,0.00E+00,0,0,,,
,,,,,,,,,,
5,0,0.001,1,-1,0.00E+00,0,0,,,PBS
5,3,0.001,1,-1,0.00E+00,0,0,,,PBS
5,5,0.001,1,-1,0.00E+00,0,0,,,PBS
5,7,0.01754,1,0,0.00E+00,0,0,,,PBS
5,10,0.0263,1,0,0.00E+00,0,0,,,PBS
5,12,0.041,1,0,0.00E+00,0,0,,,PBS
5,14,0.1052,1,0,0.00E+00,0,0,,,PBS
5,17,0.3742,1,0,0.00E+00,0,0,,,PBS
5,19,0.7514,1,0,0.00E+00,0,0,,,PBS
5,21,0.7514,1,1,0.00E+00,0,0,,,
,,,,,,,,,,
6,0,0.001,1,-1,0.00E+00,0,0,,,PBS
6,3,0.001,1,-1,0.00E+00,0,0,,,PBS
6,5,0.001,1,-1,0.00E+00,0,0,,,PBS
6,7,0.012,1,0,0.00E+00,0,0,,,PBS
6,10,0.026,1,0,0.00E+00,0,0,,,PBS
6,12,0.046,1,0,0.00E+00,0,0,,,PBS
6,14,0.1053,1,0,0.00E+00,0,0,,,PBS
6,17,0.5292,1,0,0.00E+00,0,0,,,PBS
6,19,0.5292,1,1,0.00E+00,0,0,,,
,,,,,,0,0,,,
7,0,0.001,1,-1,0.00E+00,0,0,,,PBS
7,3,0.001,1,-1,0.00E+00,0,0,,,PBS
7,5,0.001,1,-1,0.00E+00,0,0,,,PBS
7,7,0.01754,1,0,0.00E+00,0,0,,,PBS
7,10,0.0175,1,0,0.00E+00,0,0,,,PBS
7,12,0.035,1,0,0.00E+00,0,0,,,PBS
7,14,0.0964,1,0,0.00E+00,0,0,,,PBS
7,17,0.55263,1,0,0.00E+00,0,0,,,PBS
7,19,0.55263,1,1,0.00E+00,0,0,,,
,,,,,,,,,,
8,0,0.001,1,-1,0.00E+00,0,0,,,PBS
8,3,0.001,1,-1,0.00E+00,0,0,,,PBS
8,5,0.001,1,-1,0.00E+00,0,0,,,PBS
8,7,0.01754,1,0,0.00E+00,0,0,,,PBS
8,10,0.02339,1,0,0.00E+00,0,0,,,PBS
8,12,0.038,1,0,0.00E+00,0,0,,,PBS
8,14,0.10818,1,0,0.00E+00,0,0,,,PBS
8,17,0.6491,1,0,0.00E+00,0,0,,,PBS
8,19,0.6491,1,1,0.00E+00,0,0,,,
,,,,,,,,,,
9,0,0.001,1,-1,0.00E+00,0,0,,,v1x3
9,3,0.001,1,-1,0.00E+00,0,0,,,v1x3
9,5,0.001,1,-1,0.00E+00,0,0,,,v1x3
9,7,0.001,1,-1,0.00E+00,0,0,,,v1x3
9,10,0.001,1,-1,0.00E+00,0,0,,,v1x3
9,12,0.001,1,-1,0.00E+00,0,0,,,v1x3
9,14,0.001,1,-1,0.00E+00,0,0,,,v1x3
9,17,0.001,1,-1,0.00E+00,0,0,,,v1x3
9,19,0.001,1,-1,0.00E+00,0,0,,,v1x3
9,21,0.001,1,-1,0.00E+00,0,0,,,v1x3
9,24,0.001,1,-1,0.00E+00,0,0,,,v1x3
9,26,0.001,1,-1,0.00E+00,0,0,,,v1x3
9,28,0.001,1,-1,0.00E+00,0,0,,,v1x3
9,31,0.001,1,-1,0.00E+00,0,0,,,v1x3
9,33,0.001,1,-1,0.00E+00,0,0,,,v1x3
9,35,0.001,1,-1,0.00E+00,0,0,,,v1x3
9,38,0.00877,1,0,0.00E+00,0,0,,,v1x3
9,40,0.008771,1,0,0.00E+00,0,0,,,v1x3
9,42,0.0789,1,0,0.00E+00,0,0,,,v1x3
9,45,0.51169,1,0,0.00E+00,0,0,,,v1x3
9,47,0.51169,1,1,0.00E+00,0,0,,,
,,,,,,,,,,
9,10,,,,1.00E+07,1,1,,,v1x3
9,12,,,,1.00E+07,1,1,,,v1x3
9,14,,,,1.00E+07,1,1,,,v1x3
9,17,,,,1.00E+07,1,1,,,v1x3
9,19,,,,1.00E+07,1,1,,,v1x3
9,21,,,,1.00E+07,1,1,,,v1x3
9,24,,,,1.00E+07,1,1,,,v1x3
9,26,,,,1.00E+07,1,1,,,v1x3
9,28,,,,1.00E+07,1,1,,,v1x3
,,,,,,,,,,
10,0,0.001,1,-1,0.00E+00,0,0,,,v1x3
10,3,0.001,1,-1,0.00E+00,0,0,,,v1x3
10,5,0.001,1,-1,0.00E+00,0,0,,,v1x3
10,7,0.001,1,-1,0.00E+00,0,0,,,v1x3
10,10,0.001,1,-1,0.00E+00,0,0,,,v1x3
10,12,0.001,1,-1,0.00E+00,0,0,,,v1x3
10,14,0.001,1,-1,0.00E+00,0,0,,,v1x3
10,17,0.001,1,-1,0.00E+00,0,0,,,v1x3
10,19,0.001,1,-1,0.00E+00,0,0,,,v1x3
10,21,0.001,1,-1,0.00E+00,0,0,,,v1x3
10,24,0.001,1,-1,0.00E+00,0,0,,,v1x3
10,26,0.001,1,-1,0.00E+00,0,0,,,v1x3
10,28,0.001,1,-1,0.00E+00,0,0,,,v1x3
10,31,0.00292,1,0,0.00E+00,0,0,,,v1x3
10,33,0.011695,1,0,0.00E+00,0,0,,,v1x3
10,35,0.01754,1,0,0.00E+00,0,0,,,v1x3
10,38,0.02923,1,0,0.00E+00,0,0,,,v1x3
10,40,0.1228,1,0,0.00E+00,0,0,,,v1x3
10,42,0.50584,1,0,0.00E+00,0,0,,,v1x3
10,45,0.50584,1,1,0.00E+00,0,0,,,
,,,,,,,,,,
10,10,,,,1.00E+07,1,1,,,v1x3
10,12,,,,1.00E+07,1,1,,,v1x3
10,14,,,,1.00E+07,1,1,,,v1x3
10,17,,,,1.00E+07,1,1,,,v1x3
10,19,,,,1.00E+07,1,1,,,v1x3
10,21,,,,1.00E+07,1,1,,,v1x3
10,24,,,,1.00E+07,1,1,,,v1x3
10,26,,,,1.00E+07,1,1,,,v1x3
10,28,,,,1.00E+07,1,1,,,v1x3
,,,,,,,,,,
11,0,0.001,1,-1,0.00E+00,0,0,,,v1x3
11,3,0.001,1,-1,0.00E+00,0,0,,,v1x3
11,5,0.001,1,-1,0.00E+00,0,0,,,v1x3
11,7,0.001,1,-1,0.00E+00,0,0,,,v1x3
11,10,0.001,1,-1,0.00E+00,0,0,,,v1x3
11,12,0.001,1,-1,0.00E+00,0,0,,,v1x3
11,14,0.001,1,-1,0.00E+00,0,0,,,v1x3
11,17,0.001,1,-1,0.00E+00,0,0,,,v1x3
11,19,0.001,1,-1,0.00E+00,0,0,,,v1x3
11,21,0.001,1,-1,0.00E+00,0,0,,,v1x3
11,24,0.001,1,-1,0.00E+00,0,0,,,v1x3
11,26,0.001,1,-1,0.00E+00,0,0,,,v1x3
11,28,0.00292,1,0,0.00E+00,0,0,,,v1x3
11,31,0.002923,1,0,0.00E+00,0,0,,,v1x3
11,33,0.00877,1,0,0.00E+00,0,0,,,v1x3
11,35,0.00877,1,0,0.00E+00,0,0,,,v1x3
11,38,0.011695,1,0,0.00E+00,0,0,,,v1x3
11,40,0.1081,1,0,0.00E+00,0,0,,,v1x3
11,42,0.497,1,0,0.00E+00,0,0,,,v1x3
11,45,0.497,1,1,0.00E+00,0,0,,,
,,,,,,,,,,
11,10,,,,1.00E+07,1,1,,,v1x3
11,12,,,,1.00E+07,1,1,,,v1x3
11,14,,,,1.00E+07,1,1,,,v1x3
11,17,,,,1.00E+07,1,1,,,v1x3
11,19,,,,1.00E+07,1,1,,,v1x3
11,21,,,,1.00E+07,1,1,,,v1x3
11,24,,,,1.00E+07,1,1,,,v1x3
11,26,,,,1.00E+07,1,1,,,v1x3
11,28,,,,1.00E+07,1,1,,,v1x3
,,,,,,,,,,
12,0,0.001,1,-1,0.00E+00,0,0,,,v1x3
12,3,0.001,1,-1,0.00E+00,0,0,,,v1x3
12,5,0.001,1,-1,0.00E+00,0,0,,,v1x3
12,7,0.001,1,-1,0.00E+00,0,0,,,v1x3
12,10,0.001,1,-1,0.00E+00,0,0,,,v1x3
12,12,0.001,1,-1,0.00E+00,0,0,,,v1x3
12,14,0.001,1,-1,0.00E+00,0,0,,,v1x3
12,17,0.001,1,-1,0.00E+00,0,0,,,v1x3
12,19,0.001,1,-1,0.00E+00,0,0,,,v1x3
12,21,0.001,1,-1,0.00E+00,0,0,,,v1x3
12,24,0.001,1,-1,0.00E+00,0,0,,,v1x3
12,26,0.001,1,-1,0.00E+00,0,0,,,v1x3
12,28,0.001,1,-1,0.00E+00,0,0,,,v1x3
12,31,0.00292,1,0,0.00E+00,0,0,,,v1x3
12,33,0.01169,1,0,0.00E+00,0,0,,,v1x3
12,35,0.02631,1,0,0.00E+00,0,0,,,v1x3
12,38,0.1578,1,0,0.00E+00,0,0,,,v1x3
12,40,0.3421,1,0,0.00E+00,0,0,,,v1x3
12,42,0.608187,1,0,0.00E+00,0,0,,,v1x3
12,45,0.608187,1,1,0.00E+00,0,0,,,
,,,,,,,,,,
12,10,,,,1.00E+07,1,1,,,v1x3
12,12,,,,1.00E+07,1,1,,,v1x3
12,14,,,,1.00E+07,1,1,,,v1x3
12,17,,,,1.00E+07,1,1,,,v1x3
12,19,,,,1.00E+07,1,1,,,v1x3
12,21,,,,1.00E+07,1,1,,,v1x3
12,24,,,,1.00E+07,1,1,,,v1x3
12,26,,,,1.00E+07,1,1,,,v1x3
12,28,,,,1.00E+07,1,1,,,v1x3
,,,,,,,,,,
13,0,0.001,1,-1,0.00E+00,0,0,,,v1x3
13,3,0.001,1,-1,0.00E+00,0,0,,,v1x3
13,5,0.001,1,-1,0.00E+00,0,0,,,v1x3
13,7,0.001,1,-1,0.00E+00,0,0,,,v1x3
13,10,0.001,1,-1,0.00E+00,0,0,,,v1x3
13,12,0.001,1,-1,0.00E+00,0,0,,,v1x3
13,14,0.001,1,-1,0.00E+00,0,0,,,v1x3
13,17,0.001,1,-1,0.00E+00,0,0,,,v1x3
13,19,0.001,1,-1,0.00E+00,0,0,,,v1x3
13,21,0.001,1,-1,0.00E+00,0,0,,,v1x3
13,24,0.001,1,-1,0.00E+00,0,0,,,v1x3
13,26,0.001,1,-1,0.00E+00,0,0,,,v1x3
13,28,0.00584,1,0,0.00E+00,0,0,,,v1x3
13,31,0.0087719,1,0,0.00E+00,0,0,,,v1x3
13,33,0.017543,1,0,0.00E+00,0,0,,,v1x3
13,35,0.05847,1,0,0.00E+00,0,0,,,v1x3
13,38,0.28362,1,0,0.00E+00,0,0,,,v1x3
13,40,0.71052,1,0,0.00E+00,0,0,,,v1x3
13,42,0.71052,1,1,0.00E+00,0,0,,,
,,,,,,,,,,
13,10,,,,1.00E+07,1,1,,,v1x3
13,12,,,,1.00E+07,1,1,,,v1x3
13,14,,,,1.00E+07,1,1,,,v1x3
13,17,,,,1.00E+07,1,1,,,v1x3
13,19,,,,1.00E+07,1,1,,,v1x3
13,21,,,,1.00E+07,1,1,,,v1x3
13,24,,,,1.00E+07,1,1,,,v1x3
13,26,,,,1.00E+07,1,1,,,v1x3
13,28,,,,1.00E+07,1,1,,,v1x3
,,,,,,,,,,
14,0,0.001,1,-1,0.00E+00,0,0,,,v1x3
14,3,0.001,1,-1,0.00E+00,0,0,,,v1x3
14,5,0.001,1,-1,0.00E+00,0,0,,,v1x3
14,7,0.001,1,-1,0.00E+00,0,0,,,v1x3
14,10,0.001,1,-1,0.00E+00,0,0,,,v1x3
14,12,0.001,1,-1,0.00E+00,0,0,,,v1x3
14,14,0.001,1,-1,0.00E+00,0,0,,,v1x3
14,17,0.001,1,-1,0.00E+00,0,0,,,v1x3
14,19,0.001,1,-1,0.00E+00,0,0,,,v1x3
14,21,0.001,1,-1,0.00E+00,0,0,,,v1x3
14,24,0.001,1,-1,0.00E+00,0,0,,,v1x3
14,26,0.001,1,-1,0.00E+00,0,0,,,v1x3
14,28,0.001,1,-1,0.00E+00,0,0,,,v1x3
14,31,0.001,1,-1,0.00E+00,0,0,,,v1x3
14,33,0.01169,1,0,0.00E+00,0,0,,,v1x3
14,35,0.03508,1,0,0.00E+00,0,0,,,v1x3
14,38,0.16081,1,0,0.00E+00,0,0,,,v1x3
14,40,0.5409,1,0,0.00E+00,0,0,,,v1x3
14,42,0.5409,1,1,0.00E+00,0,0,,,
,,,,,,,,,,
14,10,,,,1.00E+07,1,1,,,v1x3
14,12,,,,1.00E+07,1,1,,,v1x3
14,14,,,,1.00E+07,1,1,,,v1x3
14,17,,,,1.00E+07,1,1,,,v1x3
14,19,,,,1.00E+07,1,1,,,v1x3
14,21,,,,1.00E+07,1,1,,,v1x3
14,24,,,,1.00E+07,1,1,,,v1x3
14,26,,,,1.00E+07,1,1,,,v1x3
14,28,,,,1.00E+07,1,1,,,v1x3
,,,,,,,,,,
15,0,0.001,1,-1,0.00E+00,0,0,,,v1x3
15,3,0.001,1,-1,0.00E+00,0,0,,,v1x3
15,5,0.001,1,-1,0.00E+00,0,0,,,v1x3
15,7,0.001,1,-1,0.00E+00,0,0,,,v1x3
15,10,0.001,1,-1,0.00E+00,0,0,,,v1x3
15,12,0.001,1,-1,0.00E+00,0,0,,,v1x3
15,14,0.001,1,-1,0.00E+00,0,0,,,v1x3
15,17,0.001,1,-1,0.00E+00,0,0,,,v1x3
15,19,0.001,1,-1,0.00E+00,0,0,,,v1x3
15,21,0.001,1,-1,0.00E+00,0,0,,,v1x3
15,24,0.001,1,-1,0.00E+00,0,0,,,v1x3
15,26,0.001,1,-1,0.00E+00,0,0,,,v1x3
15,28,0.001,1,-1,0.00E+00,0,0,,,v1x3
15,31,0.001,1,-1,0.00E+00,0,0,,,v1x3
15,33,0.002923,1,0,0.00E+00,0,0,,,v1x3
15,35,0.023391,1,0,0.00E+00,0,0,,,v1x3
15,38,0.116959,1,0,0.00E+00,0,0,,,v1x3
15,40,0.520467,1,0,0.00E+00,0,0,,,v1x3
15,42,0.520467,1,1,0.00E+00,0,0,,,
,,,,,,,,,,
15,10,,,,1.00E+07,1,1,,,v1x3
15,12,,,,1.00E+07,1,1,,,v1x3
15,14,,,,1.00E+07,1,1,,,v1x3
15,17,,,,1.00E+07,1,1,,,v1x3
15,19,,,,1.00E+07,1,1,,,v1x3
15,21,,,,1.00E+07,1,1,,,v1x3
15,24,,,,1.00E+07,1,1,,,v1x3
15,26,,,,1.00E+07,1,1,,,v1x3
15,28,,,,1.00E+07,1,1,,,v1x3
,,,,,,,,,,
16,0,0.001,1,-1,0.00E+00,0,0,,,v1x3
16,3,0.001,1,-1,0.00E+00,0,0,,,v1x3
16,5,0.001,1,-1,0.00E+00,0,0,,,v1x3
16,7,0.001,1,-1,0.00E+00,0,0,,,v1x3
16,10,0.001,1,-1,0.00E+00,0,0,,,v1x3
16,12,0.001,1,-1,0.00E+00,0,0,,,v1x3
16,14,0.001,1,-1,0.00E+00,0,0,,,v1x3
16,17,0.001,1,-1,0.00E+00,0,0,,,v1x3
16,19,0.001,1,-1,0.00E+00,0,0,,,v1x3
16,21,0.001,1,-1,0.00E+00,0,0,,,v1x3
16,24,0.001,1,-1,0.00E+00,0,0,,,v1x3
16,26,0.001,1,-1,0.00E+00,0,0,,,v1x3
16,28,0.001,1,-1,0.00E+00,0,0,,,v1x3
16,31,0.008771,1,0,0.00E+00,0,0,,,v1x3
16,33,0.0263157,1,0,0.00E+00,0,0,,,v1x3
16,35,0.03801,1,0,0.00E+00,0,0,,,v1x3
16,38,0.356725,1,0,0.00E+00,0,0,,,v1x3
16,40,0.356725,1,1,0.00E+00,0,0,,,v1x3
,,,,,,,,,,
16,10,,,,1.00E+07,1,1,,,v1x3
16,12,,,,1.00E+07,1,1,,,v1x3
16,14,,,,1.00E+07,1,1,,,v1x3
16,17,,,,1.00E+07,1,1,,,v1x3
16,19,,,,1.00E+07,1,1,,,v1x3
16,21,,,,1.00E+07,1,1,,,v1x3
16,24,,,,1.00E+07,1,1,,,v1x3
16,26,,,,1.00E+07,1,1,,,v1x3
16,28,,,,1.00E+07,1,1,,,v1x3
,,,,,,,,,,
17,0,0.001,1,-1,0.00E+00,0,0,,,v1x2v2x1
17,3,0.001,1,-1,0.00E+00,0,0,,,v1x2v2x1
17,5,0.001,1,-1,0.00E+00,0,0,,,v1x2v2x1
17,7,0.001,1,-1,0.00E+00,0,0,,,v1x2v2x1
17,10,0.001,1,-1,0.00E+00,0,0,,,v1x2v2x1
17,12,0.001,1,-1,0.00E+00,0,0,,,v1x2v2x1
17,14,0.001,1,-1,0.00E+00,0,0,,,v1x2v2x1
17,17,0.001,1,-1,0.00E+00,0,0,,,v1x2v2x1
17,19,0.001,1,-1,0.00E+00,0,0,,,v1x2v2x1
17,21,0.001,1,-1,0.00E+00,0,0,,,v1x2v2x1
17,24,0.001,1,-1,0.00E+00,0,0,,,v1x2v2x1
17,26,0.001,1,-1,0.00E+00,0,0,,,v1x2v2x1
17,28,0.001,1,-1,0.00E+00,0,0,,,v1x2v2x1
17,31,0.001,1,-1,0.00E+00,0,0,,,v1x2v2x1
17,33,0.001,1,-1,0.00E+00,0,0,,,v1x2v2x1
17,35,0.001,1,-1,0.00E+00,0,0,,,v1x2v2x1
17,38,0.001,1,-1,0.00E+00,0,0,,,v1x2v2x1
17,40,0.001,1,-1,0.00E+00,0,0,,,v1x2v2x1
17,42,0.001,1,-1,0.00E+00,0,0,,,v1x2v2x1
17,45,0.001,1,-1,0.00E+00,0,0,,,v1x2v2x1
17,47,0.001,1,-1,0.00E+00,0,0,,,v1x2v2x1
17,49,0.001,1,-1,0.00E+00,0,0,,,v1x2v2x1
17,52,0.001,1,-1,0.00E+00,0,0,,,v1x2v2x1
17,54,0.001,1,-1,0.00E+00,0,0,,,v1x2v2x1
17,56,0.001,1,-1,0.00E+00,0,0,,,v1x2v2x1
17,59,0.001,1,-1,0.00E+00,0,0,,,v1x2v2x1
17,61,0.001,1,-1,0.00E+00,0,0,,,v1x2v2x1
17,63,0.002,1,0,0.00E+00,0,0,,,v1x2v2x1
17,66,0.01938,1,0,0.00E+00,0,0,,,v1x2v2x1
17,68,0.06934,1,0,0.00E+00,0,0,,,v1x2v2x1
17,70,0.529981,1,0,0.00E+00,0,0,,,v1x2v2x1
17,73,0.529981,1,0,0.00E+00,0,0,,,v1x2v2x1
,,,,,,,,,,
17,10,,,,1.00E+07,1,1,,,v1x2v2x7
17,12,,,,1.00E+07,1,1,,,v1x2v2x6
17,14,,,,1.00E+07,1,1,,,v1x2v2x5
17,17,,,,1.00E+07,1,1,,,v1x2v2x4
17,19,,,,1.00E+07,1,1,,,v1x2v2x3
17,21,,,,1.00E+07,1,1,,,v1x2v2x2
17,24,,,,1.00E+07,1,2,,,v1x2v2x1
17,26,,,,1.00E+07,1,2,,,v1x2v2x0
17,28,,,,1.00E+07,1,2,,,v1x2v2x1
,,,,,,,,,,
18,0,0.001,1,-1,0.00E+00,0,0,,,v1x2v2x1
18,3,0.001,1,-1,0.00E+00,0,0,,,v1x2v2x1
18,5,0.001,1,-1,0.00E+00,0,0,,,v1x2v2x1
18,7,0.001,1,-1,0.00E+00,0,0,,,v1x2v2x1
18,10,0.001,1,-1,0.00E+00,0,0,,,v1x2v2x1
18,12,0.001,1,-1,0.00E+00,0,0,,,v1x2v2x1
18,14,0.001,1,-1,0.00E+00,0,0,,,v1x2v2x1
18,17,0.001,1,-1,0.00E+00,0,0,,,v1x2v2x1
18,19,0.001,1,-1,0.00E+00,0,0,,,v1x2v2x1
18,21,0.001,1,-1,0.00E+00,0,0,,,v1x2v2x1
18,24,0.001,1,-1,0.00E+00,0,0,,,v1x2v2x1
18,26,0.001,1,-1,0.00E+00,0,0,,,v1x2v2x1
18,28,0.001,1,-1,0.00E+00,0,0,,,v1x2v2x1
18,31,0.001,1,-1,0.00E+00,0,0,,,v1x2v2x1
18,33,0.001,1,-1,0.00E+00,0,0,,,v1x2v2x1
18,35,0.001,1,-1,0.00E+00,0,0,,,v1x2v2x1
18,38,0.001,1,-1,0.00E+00,0,0,,,v1x2v2x1
18,40,0.001,1,-1,0.00E+00,0,0,,,v1x2v2x1
18,42,0.001,1,-1,0.00E+00,0,0,,,v1x2v2x1
18,45,0.001,1,-1,0.00E+00,0,0,,,v1x2v2x1
18,47,0.001,1,-1,0.00E+00,0,0,,,v1x2v2x1
18,49,0.001,1,-1,0.00E+00,0,0,,,v1x2v2x1
18,52,0.001,1,-1,0.00E+00,0,0,,,v1x2v2x1
18,54,0.001,1,-1,0.00E+00,0,0,,,v1x2v2x1
18,56,0.036,1,0,0.00E+00,0,0,,,v1x2v2x1
18,59,0.10487,1,0,0.00E+00,0,0,,,v1x2v2x1
18,61,0.251062,1,0,0.00E+00,0,0,,,v1x2v2x1
18,63,0.263241,1,0,0.00E+00,0,0,,,v1x2v2x1
18,66,0.258223,1,0,0.00E+00,0,0,,,v1x2v2x1
18,68,0.258223,1,1,0.00E+00,0,0,,,v1x2v2x1
,,,,,,,,,,
18,10,,,,1.00E+07,1,1,,,v1x2v2x7
18,12,,,,1.00E+07,1,1,,,v1x2v2x6
18,14,,,,1.00E+07,1,1,,,v1x2v2x5
18,17,,,,1.00E+07,1,1,,,v1x2v2x4
18,19,,,,1.00E+07,1,1,,,v1x2v2x3
18,21,,,,1.00E+07,1,1,,,v1x2v2x2
18,24,,,,1.00E+07,1,2,,,v1x2v2x1
18,26,,,,1.00E+07,1,2,,,v1x2v2x0
18,28,,,,1.00E+07,1,2,,,v1x2v2x1
,,,,,,,,,,
19,0,0.001,1,-1,0.00E+00,0,0,,,v1x2v2x1
19,3,0.001,1,-1,0.00E+00,0,0,,,v1x2v2x1
19,5,0.001,1,-1,0.00E+00,0,0,,,v1x2v2x1
19,7,0.001,1,-1,0.00E+00,0,0,,,v1x2v2x1
19,10,0.001,1,-1,0.00E+00,0,0,,,v1x2v2x1
19,12,0.001,1,-1,0.00E+00,0,0,,,v1x2v2x1
19,14,0.001,1,-1,0.00E+00,0,0,,,v1x2v2x1
19,17,0.001,1,-1,0.00E+00,0,0,,,v1x2v2x1
19,19,0.001,1,-1,0.00E+00,0,0,,,v1x2v2x1
19,21,0.001,1,-1,0.00E+00,0,0,,,v1x2v2x1
19,24,0.001,1,-1,0.00E+00,0,0,,,v1x2v2x1
19,26,0.001,1,-1,0.00E+00,0,0,,,v1x2v2x1
19,28,0.001,1,-1,0.00E+00,0,0,,,v1x2v2x1
19,31,0.001,1,-1,0.00E+00,0,0,,,v1x2v2x1
19,33,0.001,1,-1,0.00E+00,0,0,,,v1x2v2x1
19,35,0.001,1,-1,0.00E+00,0,0,,,v1x2v2x1
19,38,0.001,1,-1,0.00E+00,0,0,,,v1x2v2x1
19,40,0.001,1,-1,0.00E+00,0,0,,,v1x2v2x1
19,42,0.001,1,-1,0.00E+00,0,0,,,v1x2v2x1
19,45,0.001,1,-1,0.00E+00,0,0,,,v1x2v2x1
19,47,0.04564,1,0,0.00E+00,0,0,,,v1x2v2x1
19,49,0.276,1,0,0.00E+00,0,0,,,v1x2v2x1
19,52,0.709154,1,0,0.00E+00,0,0,,,v1x2v2x1
19,54,0.709154,1,1,0.00E+00,0,0,,,
19,56,0.709154,1,1,0.00E+00,0,0,,,
,,,,,,,,,,
19,10,,,,1.00E+07,1,1,,,v1x2v2x7
19,12,,,,1.00E+07,1,1,,,v1x2v2x6
19,14,,,,1.00E+07,1,1,,,v1x2v2x5
19,17,,,,1.00E+07,1,1,,,v1x2v2x4
19,19,,,,1.00E+07,1,1,,,v1x2v2x3
19,21,,,,1.00E+07,1,1,,,v1x2v2x2
19,24,,,,1.00E+07,1,2,,,v1x2v2x1
19,26,,,,1.00E+07,1,2,,,v1x2v2x0
19,28,,,,1.00E+07,1,2,,,v1x2v2x1
,,,,,,,,,,
20,0,0.001,1,-1,0.00E+00,0,0,,,v1x2v2x1
20,3,0.001,1,-1,0.00E+00,0,0,,,v1x2v2x1
20,5,0.001,1,-1,0.00E+00,0,0,,,v1x2v2x1
20,7,0.001,1,-1,0.00E+00,0,0,,,v1x2v2x1
20,10,0.001,1,-1,0.00E+00,0,0,,,v1x2v2x1
20,12,0.001,1,-1,0.00E+00,0,0,,,v1x2v2x1
20,14,0.001,1,-1,0.00E+00,0,0,,,v1x2v2x1
20,17,0.001,1,-1,0.00E+00,0,0,,,v1x2v2x1
20,19,0.001,1,-1,0.00E+00,0,0,,,v1x2v2x1
20,21,0.001,1,-1,0.00E+00,0,0,,,v1x2v2x1
20,24,0.001,1,-1,0.00E+00,0,0,,,v1x2v2x1
20,26,0.001,1,-1,0.00E+00,0,0,,,v1x2v2x1
20,28,0.001,1,-1,0.00E+00,0,0,,,v1x2v2x1
20,31,0.001,1,-1,0.00E+00,0,0,,,v1x2v2x1
20,33,0.001,1,-1,0.00E+00,0,0,,,v1x2v2x1
20,35,0.001,1,-1,0.00E+00,0,0,,,v1x2v2x1
20,38,0.001,1,-1,0.00E+00,0,0,,,v1x2v2x1
20,40,0.001,1,-1,0.00E+00,0,0,,,v1x2v2x1
20,42,0.001,1,-1,0.00E+00,0,0,,,v1x2v2x1
20,45,0.001,1,-1,0.00E+00,0,0,,,v1x2v2x1
20,47,0.001,1,-1,0.00E+00,0,0,,,v1x2v2x1
20,49,0.001,1,-1,0.00E+00,0,0,,,v1x2v2x1
20,52,0.001,1,-1,0.00E+00,0,0,,,v1x2v2x1
20,54,0.001,1,-1,0.00E+00,0,0,,,v1x2v2x1
20,56,0.001,1,-1,0.00E+00,0,0,,,v1x2v2x1
20,59,0.001,1,-1,0.00E+00,0,0,,,v1x2v2x1
20,61,0.001,1,-1,0.00E+00,0,0,,,v1x2v2x1
20,63,0.001,1,-1,0.00E+00,0,0,,,v1x2v2x1
20,66,0.001,1,-1,0.00E+00,0,0,,,v1x2v2x1
20,68,0.001,1,-1,0.00E+00,0,0,,,v1x2v2x1
20,70,0.001,1,-1,0.00E+00,0,0,,,v1x2v2x1
,,,,,,,,,,
20,10,,,,1.00E+07,1,1,,,v1x2v2x7
20,12,,,,1.00E+07,1,1,,,v1x2v2x6
20,14,,,,1.00E+07,1,1,,,v1x2v2x5
20,17,,,,1.00E+07,1,1,,,v1x2v2x4
20,19,,,,1.00E+07,1,1,,,v1x2v2x3
20,21,,,,1.00E+07,1,1,,,v1x2v2x2
20,24,,,,1.00E+07,1,2,,,v1x2v2x1
20,26,,,,1.00E+07,1,2,,,v1x2v2x0
20,28,,,,1.00E+07,1,2,,,v1x2v2x1
,,,,,,,,,,
21,0,0.001,1,-1,0.00E+00,0,0,,,v1x2v2x1
21,3,0.001,1,-1,0.00E+00,0,0,,,v1x2v2x1
21,5,0.001,1,-1,0.00E+00,0,0,,,v1x2v2x1
21,7,0.001,1,-1,0.00E+00,0,0,,,v1x2v2x1
21,10,0.001,1,-1,0.00E+00,0,0,,,v1x2v2x1
21,12,0.001,1,-1,0.00E+00,0,0,,,v1x2v2x1
21,14,0.001,1,-1,0.00E+00,0,0,,,v1x2v2x1
21,17,0.001,1,-1,0.00E+00,0,0,,,v1x2v2x1
21,19,0.001,1,-1,0.00E+00,0,0,,,v1x2v2x1
21,21,0.001,1,-1,0.00E+00,0,0,,,v1x2v2x1
21,24,0.001,1,-1,0.00E+00,0,0,,,v1x2v2x1
21,26,0.001,1,-1,0.00E+00,0,0,,,v1x2v2x1
21,28,0.001,1,-1,0.00E+00,0,0,,,v1x2v2x1
21,31,0.001,1,-1,0.00E+00,0,0,,,v1x2v2x1
21,33,0.001,1,-1,0.00E+00,0,0,,,v1x2v2x1
21,35,0.001,1,-1,0.00E+00,0,0,,,v1x2v2x1
21,38,0.001,1,-1,0.00E+00,0,0,,,v1x2v2x1
21,40,0.001,1,-1,0.00E+00,0,0,,,v1x2v2x1
21,42,0.001,1,-1,0.00E+00,0,0,,,v1x2v2x1
21,45,0.001,1,-1,0.00E+00,0,0,,,v1x2v2x1
21,47,0.001,1,-1,0.00E+00,0,0,,,v1x2v2x1
21,49,0.001,1,-1,0.00E+00,0,0,,,v1x2v2x1
21,52,0.001,1,-1,0.00E+00,0,0,,,v1x2v2x1
21,54,0.001,1,-1,0.00E+00,0,0,,,v1x2v2x1
21,56,0.001,1,-1,0.00E+00,0,0,,,v1x2v2x1
21,59,0.001,1,-1,0.00E+00,0,0,,,v1x2v2x1
21,61,0.001,1,-1,0.00E+00,0,0,,,v1x2v2x1
21,63,0.001,1,-1,0.00E+00,0,0,,,v1x2v2x1
21,66,0.001,1,-1,0.00E+00,0,0,,,v1x2v2x1
21,68,0.001,1,-1,0.00E+00,0,0,,,v1x2v2x1
21,70,0.001,1,-1,0.00E+00,0,0,,,v1x2v2x1
,,,,,,,,,,
21,10,,,,1.00E+07,1,1,,,v1x2v2x7
21,12,,,,1.00E+07,1,1,,,v1x2v2x6
21,14,,,,1.00E+07,1,1,,,v1x2v2x5
21,17,,,,1.00E+07,1,1,,,v1x2v2x4
21,19,,,,1.00E+07,1,1,,,v1x2v2x3
21,21,,,,1.00E+07,1,1,,,v1x2v2x2
21,24,,,,1.00E+07,1,2,,,v1x2v2x1
21,26,,,,1.00E+07,1,2,,,v1x2v2x0
21,28,,,,1.00E+07,1,2,,,v1x2v2x1
,,,,,,,,,,
22,0,0.001,1,-1,0.00E+00,0,0,,,v1x2v2x1
22,3,0.001,1,-1,0.00E+00,0,0,,,v1x2v2x1
22,5,0.001,1,-1,0.00E+00,0,0,,,v1x2v2x1
22,7,0.001,1,-1,0.00E+00,0,0,,,v1x2v2x1
22,10,0.001,1,-1,1.00E+07,0,0,,,v1x2v2x1
22,12,0.001,1,-1,1.00E+07,0,0,,,v1x2v2x1
22,14,0.001,1,-1,1.00E+07,0,0,,,v1x2v2x1
22,17,0.001,1,-1,1.00E+07,0,0,,,v1x2v2x1
22,19,0.001,1,-1,1.00E+07,0,0,,,v1x2v2x1
22,21,0.001,1,-1,1.00E+07,0,0,,,v1x2v2x1
22,24,0.001,1,-1,1.00E+07,0,0,,,v1x2v2x1
22,26,0.001,1,-1,1.00E+07,0,0,,,v1x2v2x1
22,28,0.001,1,-1,1.00E+07,0,0,,,v1x2v2x1
22,31,0.001,1,-1,0.00E+00,0,0,,,v1x2v2x1
22,33,0.001,1,-1,0.00E+00,0,0,,,v1x2v2x1
22,35,0.001,1,-1,0.00E+00,0,0,,,v1x2v2x1
22,38,0.001,1,-1,0.00E+00,0,0,,,v1x2v2x1
22,40,0.001,1,-1,0.00E+00,0,0,,,v1x2v2x1
22,42,0.001,1,-1,0.00E+00,0,0,,,v1x2v2x1
22,45,0.001,1,-1,0.00E+00,0,0,,,v1x2v2x1
22,47,0.001,1,-1,0.00E+00,0,0,,,v1x2v2x1
22,49,0.001,1,-1,0.00E+00,0,0,,,v1x2v2x1
22,52,0.001,1,-1,0.00E+00,0,0,,,v1x2v2x1
22,54,0.001,1,-1,0.00E+00,0,0,,,v1x2v2x1
22,56,0.001,1,-1,0.00E+00,0,0,,,v1x2v2x1
22,59,0.001,1,-1,0.00E+00,0,0,,,v1x2v2x1
22,61,0.001,1,-1,0.00E+00,0,0,,,v1x2v2x1
22,63,0.001,1,-1,0.00E+00,0,0,,,v1x2v2x1
22,66,0.001,1,-1,0.00E+00,0,0,,,v1x2v2x1
22,68,0.001,1,-1,0.00E+00,0,0,,,v1x2v2x1
22,70,0.001,1,-1,0.00E+00,0,0,,,v1x2v2x1
,,,,,,,,,,
22,10,,,,1.00E+07,1,1,,,v1x2v2x7
22,12,,,,1.00E+07,1,1,,,v1x2v2x6
22,14,,,,1.00E+07,1,1,,,v1x2v2x5
22,17,,,,1.00E+07,1,1,,,v1x2v2x4
22,19,,,,1.00E+07,1,1,,,v1x2v2x3
22,21,,,,1.00E+07,1,1,,,v1x2v2x2
22,24,,,,1.00E+07,1,2,,,v1x2v2x1
22,26,,,,1.00E+07,1,2,,,v1x2v2x0
22,28,,,,1.00E+07,1,2,,,v1x2v2x1
,,,,,,,,,,
23,0,0.001,1,-1,0.00E+00,0,0,,,v1x2v2x1
23,3,0.001,1,-1,0.00E+00,0,0,,,v1x2v2x1
23,5,0.001,1,-1,0.00E+00,0,0,,,v1x2v2x1
23,7,0.001,1,-1,0.00E+00,0,0,,,v1x2v2x1
23,10,0.001,1,-1,0.00E+00,0,0,,,v1x2v2x1
23,12,0.001,1,-1,0.00E+00,0,0,,,v1x2v2x1
23,14,0.001,1,-1,0.00E+00,0,0,,,v1x2v2x1
23,17,0.001,1,-1,0.00E+00,0,0,,,v1x2v2x1
23,19,0.001,1,-1,0.00E+00,0,0,,,v1x2v2x1
23,21,0.001,1,-1,0.00E+00,0,0,,,v1x2v2x1
23,24,0.001,1,-1,0.00E+00,0,0,,,v1x2v2x1
23,26,0.001,1,-1,0.00E+00,0,0,,,v1x2v2x1
23,28,0.001,1,-1,0.00E+00,0,0,,,v1x2v2x1
23,31,0.001,1,-1,0.00E+00,0,0,,,v1x2v2x1
23,33,0.001,1,-1,0.00E+00,0,0,,,v1x2v2x1
23,35,0.001,1,-1,0.00E+00,0,0,,,v1x2v2x1
23,38,0.001,1,-1,0.00E+00,0,0,,,v1x2v2x1
23,40,0.001,1,-1,0.00E+00,0,0,,,v1x2v2x1
23,42,0.001,1,-1,0.00E+00,0,0,,,v1x2v2x1
23,45,0.001,1,-1,0.00E+00,0,0,,,v1x2v2x1
23,47,0.001,1,-1,0.00E+00,0,0,,,v1x2v2x1
23,49,0.001,1,-1,0.00E+00,0,0,,,v1x2v2x1
23,52,0.001,1,-1,0.00E+00,0,0,,,v1x2v2x1
23,54,0.001,1,-1,0.00E+00,0,0,,,v1x2v2x1
23,56,0.001,1,-1,0.00E+00,0,0,,,v1x2v2x1
23,59,0.001,1,-1,0.00E+00,0,0,,,v1x2v2x1
23,61,0.001,1,-1,0.00E+00,0,0,,,v1x2v2x1
23,63,0.001,1,-1,0.00E+00,0,0,,,v1x2v2x1
23,66,0.001,1,-1,0.00E+00,0,0,,,v1x2v2x1
23,68,0.001,1,-1,0.00E+00,0,0,,,v1x2v2x1
23,70,0.001,1,-1,0.00E+00,0,0,,,v1x2v2x1
,,,,,,,,,,
23,10,,,,1.00E+07,1,1,,,v1x2v2x7
23,12,,,,1.00E+07,1,1,,,v1x2v2x6
23,14,,,,1.00E+07,1,1,,,v1x2v2x5
23,17,,,,1.00E+07,1,1,,,v1x2v2x4
23,19,,,,1.00E+07,1,1,,,v1x2v2x3
23,21,,,,1.00E+07,1,1,,,v1x2v2x2
23,24,,,,1.00E+07,1,2,,,v1x2v2x1
23,26,,,,1.00E+07,1,2,,,v1x2v2x0
23,28,,,,1.00E+07,1,2,,,v1x2v2x1
,,,,,,,,,,
24,0,0.001,1,-1,0.00E+00,0,0,,,v1x2v2x1
24,3,0.001,1,-1,0.00E+00,0,0,,,v1x2v2x1
24,5,0.001,1,-1,0.00E+00,0,0,,,v1x2v2x1
24,7,0.001,1,-1,0.00E+00,0,0,,,v1x2v2x1
24,10,0.001,1,-1,0.00E+00,0,0,,,v1x2v2x1
24,12,0.001,1,-1,0.00E+00,0,0,,,v1x2v2x1
24,14,0.001,1,-1,0.00E+00,0,0,,,v1x2v2x1
24,17,0.001,1,-1,0.00E+00,0,0,,,v1x2v2x1
24,19,0.001,1,-1,0.00E+00,0,0,,,v1x2v2x1
24,21,0.001,1,-1,0.00E+00,0,0,,,v1x2v2x1
24,24,0.001,1,-1,0.00E+00,0,0,,,v1x2v2x1
24,26,0.001,1,-1,0.00E+00,0,0,,,v1x2v2x1
24,28,0.001,1,-1,0.00E+00,0,0,,,v1x2v2x1
24,31,0.001,1,-1,0.00E+00,0,0,,,v1x2v2x1
24,33,0.001,1,-1,0.00E+00,0,0,,,v1x2v2x1
24,35,0.001,1,-1,0.00E+00,0,0,,,v1x2v2x1
24,38,0.001,1,-1,0.00E+00,0,0,,,v1x2v2x1
24,40,0.001,1,-1,0.00E+00,0,0,,,v1x2v2x1
24,42,0.001,1,-1,0.00E+00,0,0,,,v1x2v2x1
24,45,0.001,1,-1,0.00E+00,0,0,,,v1x2v2x1
24,47,0.001,1,-1,0.00E+00,0,0,,,v1x2v2x1
24,49,0.001,1,-1,0.00E+00,0,0,,,v1x2v2x1
24,52,0.001,1,-1,0.00E+00,0,0,,,v1x2v2x1
24,54,0.001,1,-1,0.00E+00,0,0,,,v1x2v2x1
24,56,0.001,1,-1,0.00E+00,0,0,,,v1x2v2x1
24,59,0.001,1,-1,0.00E+00,0,0,,,v1x2v2x1
24,61,0.001,1,-1,0.00E+00,0,0,,,v1x2v2x1
24,63,0.001,1,-1,0.00E+00,0,0,,,v1x2v2x1
24,66,0.001,1,-1,0.00E+00,0,0,,,v1x2v2x1
24,68,0.001,1,-1,0.00E+00,0,0,,,v1x2v2x1
24,70,0.001,1,-1,0.00E+00,0,0,,,v1x2v2x1
,,,,,,,,,,
24,10,,,,1.00E+07,1,1,,,v1x2v2x1
24,12,,,,1.00E+07,1,1,,,v1x2v2x1
24,14,,,,1.00E+07,1,1,,,v1x2v2x1
24,17,,,,1.00E+07,1,1,,,v1x2v2x1
24,19,,,,1.00E+07,1,1,,,v1x2v2x1
24,21,,,,1.00E+07,1,1,,,v1x2v2x1
24,24,,,,1.00E+07,1,2,,,v1x2v2x1
24,26,,,,1.00E+07,1,2,,,v1x2v2x1
24,28,,,,1.00E+07,1,2,,,v1x2v2x1
,,,,,,,,,,
25,0,0.001,1,-1,0.00E+00,0,0,,,v2x1v1x2
25,3,0.001,1,-1,0.00E+00,0,0,,,v2x1v1x2
25,5,0.001,1,-1,0.00E+00,0,0,,,v2x1v1x2
25,7,0.001,1,-1,0.00E+00,0,0,,,v2x1v1x2
25,10,0.006267082,1,0,0.00E+00,0,0,,,v2x1v1x2
25,12,0.032241746,1,0,0.00E+00,0,0,,,v2x1v1x2
25,14,0.078345547,1,0,0.00E+00,0,0,,,v2x1v1x2
25,17,0.144550379,1,0,0.00E+00,0,0,,,v2x1v1x2
25,19,0.230870295,1,0,0.00E+00,0,0,,,v2x1v1x2
25,21,0.317204263,1,0,0.00E+00,0,0,,,v2x1v1x2
25,24,0.2282,1,0,0.00E+00,0,0,,,v2x1v1x2
25,26,0.10764,1,0,0.00E+00,0,0,,,v2x1v1x2
25,28,0.07326,1,0,0.00E+00,0,0,,,v2x1v1x2
25,31,0.0331,1,0,0.00E+00,0,0,,,v2x1v1x2
25,33,0.084992,1,0,0.00E+00,0,0,,,v2x1v1x2
25,35,0.45581,1,0,0.00E+00,0,0,,,v2x1v1x2
25,38,0.45581,1,1,0.00E+00,0,0,,,v2x1v1x2
,,,,,,,,,,
25,10,,,,1.00E+07,1,2,,,v2x1v1x2
25,12,,,,1.00E+07,1,2,,,v2x1v1x2
25,14,,,,1.00E+07,1,2,,,v2x1v1x2
25,17,,,,1.00E+07,1,1,,,v2x1v1x2
25,19,,,,1.00E+07,1,1,,,v2x1v1x2
25,21,,,,1.00E+07,1,1,,,v2x1v1x2
25,24,,,,1.00E+07,1,1,,,v2x1v1x2
25,26,,,,1.00E+07,1,1,,,v2x1v1x2
25,28,,,,1.00E+07,1,1,,,v2x1v1x2
,,,,,,,,,,
26,0,0.001,1,-1,0.00E+00,0,0,,,v2x1v1x2
26,3,0.001,1,-1,0.00E+00,0,0,,,v2x1v1x2
26,5,0.001,1,-1,0.00E+00,0,0,,,v2x1v1x2
26,7,0.001,1,-1,0.00E+00,0,0,,,v2x1v1x2
26,10,0.001,1,-1,0.00E+00,0,0,,,v2x1v1x2
26,12,0.02936,1,0,0.00E+00,0,0,,,v2x1v1x2
26,14,0.04671,1,0,0.00E+00,0,0,,,v2x1v1x2
26,17,0.075563,1,0,0.00E+00,0,0,,,v2x1v1x2
26,19,0.058455,1,0,0.00E+00,0,0,,,v2x1v1x2
26,21,0.1505,1,0,0.00E+00,0,0,,,v2x1v1x2
26,24,0.05293,1,0,0.00E+00,0,0,,,v2x1v1x2
26,26,0.168,1,0,0.00E+00,0,0,,,v2x1v1x2
26,28,0.10488,1,0,0.00E+00,0,0,,,v2x1v1x2
26,31,0.1969,1,0,0.00E+00,0,0,,,v2x1v1x2
26,33,0.4212,1,0,0.00E+00,0,0,,,v2x1v1x2
26,35,0.4212,1,1,0.00E+00,0,0,,,v2x1v1x2
,,,,,,,,,,
26,10,,,,1.00E+07,1,2,,,v2x1v1x2
26,12,,,,1.00E+07,1,2,,,v2x1v1x2
26,14,,,,1.00E+07,1,2,,,v2x1v1x2
26,17,,,,1.00E+07,1,1,,,v2x1v1x2
26,19,,,,1.00E+07,1,1,,,v2x1v1x2
26,21,,,,1.00E+07,1,1,,,v2x1v1x2
26,24,,,,1.00E+07,1,1,,,v2x1v1x2
26,26,,,,1.00E+07,1,1,,,v2x1v1x2
26,28,,,,1.00E+07,1,1,,,v2x1v1x2
,,,,,,,,,,
27,0,0.001,1,-1,0.00E+00,0,0,,,v2x1v1x2
27,3,0.001,1,-1,0.00E+00,0,0,,,v2x1v1x2
27,5,0.001,1,-1,0.00E+00,0,0,,,v2x1v1x2
27,7,0.001,1,-1,0.00E+00,0,0,,,v2x1v1x2
27,10,0.001,1,-1,0.00E+00,0,0,,,v2x1v1x2
27,12,0.0437,1,0,0.00E+00,0,0,,,v2x1v1x2
27,14,0.13,1,0,0.00E+00,0,0,,,v2x1v1x2
27,17,0.18476,1,0,0.00E+00,0,0,,,v2x1v1x2
27,19,0.3055,1,0,0.00E+00,0,0,,,v2x1v1x2
27,21,0.3401,1,0,0.00E+00,0,0,,,v2x1v1x2
27,24,0.6104,1,0,0.00E+00,0,0,,,v2x1v1x2
27,26,0.6104,1,-1,0.00E+00,0,0,,,v2x1v1x2
,,,,,,,,,,
27,10,,,,1.00E+07,1,2,,,v2x1v1x2
27,12,,,,1.00E+07,1,2,,,v2x1v1x2
27,14,,,,1.00E+07,1,2,,,v2x1v1x2
27,17,,,,1.00E+07,1,1,,,v2x1v1x2
27,19,,,,1.00E+07,1,1,,,v2x1v1x2
27,21,,,,1.00E+07,1,1,,,v2x1v1x2
27,24,,,,1.00E+07,1,1,,,v2x1v1x2
27,26,,,,1.00E+07,1,1,,,v2x1v1x2
27,28,,,,1.00E+07,1,1,,,v2x1v1x2
